transaction_id,user_id,amount,timestamp,country,device,usual_device,is_fraud
TX000001,U033,682.19,2024-03-13 13:22:00,UK,Desktop,Desktop,0
TX000002,U054,109.57,2024-03-28 08:38:00,Canada,Desktop,Desktop,0
TX000003,U064,362.83,2024-03-12 08:43:00,Australia,Desktop,Desktop,0
TX000004,U030,44.18,2024-03-24 12:52:00,UK,iPhone,iPhone,0
TX000005,U046,341.95,2024-03-25 09:25:00,Germany,Desktop,Desktop,0
TX000006,U058,152.66,2024-03-23 13:01:00,Australia,iPad,iPad,0
TX000007,U027,217.69,2024-03-29 14:38:00,France,Desktop,Desktop,0
TX000008,U026,169.93,2024-03-07 17:35:00,Australia,iPhone,iPhone,0
TX000009,U045,181.97,2024-03-02 19:53:00,US,iPad,iPad,0
TX000010,U032,110.73,2024-03-29 21:29:00,UK,Desktop,Desktop,0
TX000011,U058,309.59,2024-03-12 19:04:00,Australia,iPad,iPad,0
TX000012,U068,89.48,2024-03-23 10:35:00,France,iPad,iPad,0
TX000013,U052,9786.76,2024-03-17 02:59:00,Russia,Android,Desktop,1
TX000014,U063,122.0,2024-03-12 16:52:00,US,Android,Android,0
TX000015,U001,598.23,2024-03-22 21:19:00,Germany,iPad,iPad,0
TX000016,U089,406.49,2024-03-26 19:36:00,UK,iPhone,iPhone,0
TX000017,U086,3812.51,2024-03-30 00:57:00,Pakistan,Desktop,iPhone,1
TX000018,U069,532.84,2024-03-04 14:52:00,UK,iPhone,iPhone,0
TX000019,U094,427.02,2024-03-24 08:28:00,Australia,Desktop,Desktop,0
TX000020,U004,370.94,2024-03-20 18:29:00,Canada,iPad,iPad,0
TX000021,U035,757.2,2024-03-10 15:46:00,UK,Android,Android,0
TX000022,U044,26.58,2024-03-19 20:33:00,UK,iPhone,iPhone,0
TX000023,U035,301.67,2024-03-09 10:19:00,US,Android,Android,0
TX000024,U058,411.65,2024-03-25 11:40:00,Australia,iPad,iPad,0
TX000025,U036,243.5,2024-03-24 14:02:00,Germany,iPhone,iPhone,0
TX000026,U062,274.16,2024-03-25 14:26:00,US,Desktop,Desktop,0
TX000027,U030,116.27,2024-03-04 08:35:00,France,iPhone,iPhone,0
TX000028,U061,196.67,2024-03-20 21:10:00,UK,iPad,iPad,0
TX000029,U016,156.0,2024-03-16 14:28:00,Canada,Android,Android,0
TX000030,U039,6460.94,2024-03-05 01:46:00,Vietnam,Android,iPad,1
TX000031,U087,191.51,2024-03-26 17:11:00,Germany,iPhone,Android,0
TX000032,U017,3588.75,2024-03-18 00:14:00,Pakistan,iPad,Android,1
TX000033,U066,3593.86,2024-03-22 00:19:00,China,iPhone,Desktop,1
TX000034,U017,120.73,2024-03-10 18:38:00,France,Android,Android,0
TX000035,U067,219.92,2024-03-28 11:35:00,Canada,Android,Android,0
TX000036,U061,244.7,2024-03-17 19:52:00,UK,iPad,iPad,0
TX000037,U056,324.55,2024-03-13 20:34:00,UK,iPhone,iPhone,0
TX000038,U021,9472.5,2024-03-03 03:45:00,Brazil,iPhone,Android,1
TX000039,U047,254.97,2024-03-25 14:10:00,France,iPad,iPad,0
TX000040,U012,346.04,2024-03-28 15:12:00,UK,Android,Android,0
TX000041,U008,182.35,2024-03-09 12:19:00,Canada,Desktop,Desktop,0
TX000042,U064,536.56,2024-03-20 12:40:00,Australia,Desktop,Desktop,0
TX000043,U092,118.21,2024-03-24 17:17:00,US,iPad,iPad,0
TX000044,U005,5635.24,2024-03-11 00:12:00,Nigeria,Android,Desktop,1
TX000045,U026,234.63,2024-03-02 08:44:00,UK,iPhone,iPhone,0
TX000046,U099,3095.7,2024-03-17 03:48:00,Vietnam,iPad,iPhone,1
TX000047,U095,186.64,2024-03-17 10:28:00,France,iPhone,iPhone,0
TX000048,U078,459.66,2024-03-30 11:28:00,UK,Desktop,Desktop,0
TX000049,U032,4880.71,2024-03-02 01:17:00,Vietnam,Android,Desktop,1
TX000050,U003,99.83,2024-03-17 16:23:00,UK,Android,Android,0
TX000051,U047,394.27,2024-03-19 18:42:00,France,iPad,iPad,0
TX000052,U038,342.37,2024-03-02 10:11:00,Germany,iPad,iPad,0
TX000053,U038,361.19,2024-03-17 10:12:00,Australia,iPad,iPad,0
TX000054,U029,9486.11,2024-03-20 03:23:00,Russia,iPhone,Desktop,1
TX000055,U069,135.32,2024-03-15 10:40:00,UK,iPhone,iPhone,0
TX000056,U023,4063.32,2024-03-03 02:06:00,Romania,iPhone,iPad,1
TX000057,U093,302.99,2024-03-05 12:03:00,Germany,Android,Android,0
TX000058,U042,162.52,2024-03-27 20:16:00,UK,Android,Android,0
TX000059,U026,185.11,2024-03-11 21:50:00,Australia,iPhone,iPhone,0
TX000060,U048,4938.14,2024-03-29 02:58:00,Nigeria,Android,iPhone,1
TX000061,U047,501.56,2024-03-26 20:45:00,France,iPad,iPad,0
TX000062,U059,135.97,2024-03-11 21:37:00,Australia,iPhone,iPhone,0
TX000063,U038,254.98,2024-03-17 16:54:00,Germany,iPad,iPad,0
TX000064,U086,363.09,2024-03-25 11:37:00,Canada,iPhone,iPhone,0
TX000065,U067,416.36,2024-03-17 15:27:00,Canada,Android,Android,0
TX000066,U083,295.13,2024-03-27 09:14:00,Australia,Android,Android,0
TX000067,U070,224.23,2024-03-30 11:02:00,Germany,iPhone,iPhone,0
TX000068,U062,215.15,2024-03-03 14:02:00,US,Desktop,Desktop,0
TX000069,U031,444.05,2024-03-30 08:23:00,US,iPad,iPad,0
TX000070,U051,94.99,2024-03-19 17:52:00,US,Android,Android,0
TX000071,U044,76.47,2024-03-06 21:18:00,UK,iPhone,iPhone,0
TX000072,U100,261.37,2024-03-10 15:20:00,UK,Desktop,Desktop,0
TX000073,U023,473.78,2024-03-17 16:56:00,Canada,iPad,iPad,0
TX000074,U075,82.03,2024-03-05 08:17:00,US,Desktop,Desktop,0
TX000075,U060,224.41,2024-03-08 08:23:00,Germany,iPad,iPad,0
TX000076,U022,8470.6,2024-03-14 04:17:00,China,iPhone,Android,1
TX000077,U035,378.07,2024-03-30 17:11:00,US,Android,Android,0
TX000078,U089,496.75,2024-03-29 10:01:00,UK,iPhone,iPhone,0
TX000079,U097,132.45,2024-03-15 08:22:00,France,iPad,iPad,0
TX000080,U066,182.07,2024-03-19 14:13:00,US,Desktop,Desktop,0
TX000081,U064,447.36,2024-03-07 21:22:00,Australia,Desktop,Desktop,0
TX000082,U036,248.32,2024-03-22 11:36:00,Germany,iPhone,iPhone,0
TX000083,U074,379.29,2024-03-13 11:35:00,Australia,Android,Android,0
TX000084,U052,128.53,2024-03-27 09:34:00,Germany,Desktop,Desktop,0
TX000085,U036,221.42,2024-03-30 18:31:00,Germany,iPhone,iPhone,0
TX000086,U038,167.16,2024-03-30 15:33:00,Germany,iPad,iPad,0
TX000087,U089,298.88,2024-03-04 19:47:00,UK,iPhone,iPhone,0
TX000088,U068,168.17,2024-03-08 21:00:00,France,iPad,iPad,0
TX000089,U086,692.93,2024-03-14 17:59:00,Canada,iPhone,iPhone,0
TX000090,U054,66.06,2024-03-21 16:20:00,Canada,Desktop,Desktop,0
TX000091,U074,195.09,2024-03-25 11:14:00,Australia,Android,Android,0
TX000092,U038,465.27,2024-03-27 19:02:00,Germany,iPad,iPad,0
TX000093,U054,79.17,2024-03-01 15:56:00,Canada,Desktop,Desktop,0
TX000094,U029,121.04,2024-03-28 13:06:00,US,Desktop,Desktop,0
TX000095,U061,225.73,2024-03-23 21:14:00,UK,iPad,iPad,0
TX000096,U056,200.52,2024-03-19 15:17:00,UK,iPhone,iPhone,0
TX000097,U001,399.43,2024-03-17 19:53:00,Germany,iPad,iPad,0
TX000098,U094,424.43,2024-03-10 17:41:00,Australia,Desktop,Desktop,0
TX000099,U097,4093.07,2024-03-08 04:52:00,Russia,Desktop,iPad,1
TX000100,U057,388.6,2024-03-08 20:57:00,France,Desktop,Desktop,0
TX000101,U067,355.97,2024-03-14 15:10:00,Canada,Desktop,Android,0
TX000102,U016,253.0,2024-03-16 14:06:00,Canada,Android,Android,0
TX000103,U074,4455.2,2024-03-04 02:48:00,China,iPhone,Android,1
TX000104,U060,215.69,2024-03-23 10:02:00,Canada,iPad,iPad,0
TX000105,U012,271.95,2024-03-02 16:56:00,UK,Android,Android,0
TX000106,U044,67.35,2024-03-14 08:40:00,US,iPhone,iPhone,0
TX000107,U040,305.52,2024-03-11 13:13:00,Australia,iPhone,iPhone,0
TX000108,U004,9304.01,2024-03-11 04:57:00,Russia,Desktop,iPad,1
TX000109,U018,104.66,2024-03-26 13:47:00,Germany,Desktop,Desktop,0
TX000110,U087,3980.13,2024-03-27 05:47:00,China,iPhone,Android,1
TX000111,U098,220.68,2024-03-17 20:21:00,Germany,iPhone,iPhone,0
TX000112,U085,229.54,2024-03-21 10:55:00,US,Desktop,Desktop,0
TX000113,U026,8859.55,2024-03-07 02:23:00,China,Android,iPhone,1
TX000114,U099,216.59,2024-03-24 12:52:00,Germany,Android,iPhone,0
TX000115,U036,215.82,2024-03-09 09:33:00,Germany,iPad,iPhone,0
TX000116,U066,3525.96,2024-03-29 00:38:00,Nigeria,iPhone,Desktop,1
TX000117,U042,261.22,2024-03-12 19:41:00,UK,Android,Android,0
TX000118,U098,5202.18,2024-03-29 00:20:00,China,Desktop,iPhone,1
TX000119,U074,215.24,2024-03-17 12:13:00,UK,Android,Android,0
TX000120,U080,479.59,2024-03-26 18:08:00,Germany,iPad,iPad,0
TX000121,U026,7939.03,2024-03-21 01:29:00,Vietnam,Android,iPhone,1
TX000122,U007,7881.94,2024-03-27 01:06:00,Nigeria,Desktop,Android,1
TX000123,U093,313.95,2024-03-14 08:42:00,Germany,Android,Android,0
TX000124,U024,456.71,2024-03-11 12:35:00,Canada,Android,Android,0
TX000125,U090,410.94,2024-03-13 16:01:00,UK,Desktop,Desktop,0
TX000126,U033,352.08,2024-03-03 14:53:00,UK,Desktop,Desktop,0
TX000127,U034,9122.91,2024-03-27 02:42:00,Pakistan,Android,iPad,1
TX000128,U046,387.27,2024-03-12 15:02:00,Germany,Desktop,Desktop,0
TX000129,U010,5354.59,2024-03-30 00:02:00,Brazil,iPhone,iPad,1
TX000130,U045,272.41,2024-03-05 21:11:00,US,iPad,iPad,0
TX000131,U065,83.28,2024-03-28 18:49:00,France,iPad,iPad,0
TX000132,U039,240.83,2024-03-25 09:23:00,UK,iPad,iPad,0
TX000133,U004,336.51,2024-03-11 17:45:00,France,iPad,iPad,0
TX000134,U057,501.94,2024-03-05 13:53:00,France,Desktop,Desktop,0
TX000135,U047,512.77,2024-03-18 10:09:00,France,iPad,iPad,0
TX000136,U062,264.37,2024-03-24 20:52:00,US,Desktop,Desktop,0
TX000137,U089,273.13,2024-03-29 19:18:00,UK,iPhone,iPhone,0
TX000138,U025,145.02,2024-03-05 16:38:00,Australia,Android,Android,0
TX000139,U059,139.36,2024-03-28 20:12:00,Australia,Desktop,iPhone,0
TX000140,U081,9180.34,2024-03-26 02:26:00,Romania,iPhone,Desktop,1
TX000141,U056,249.62,2024-03-06 08:35:00,UK,iPhone,iPhone,0
TX000142,U019,371.32,2024-03-25 20:53:00,UK,iPhone,iPhone,0
TX000143,U100,296.72,2024-03-13 18:45:00,UK,Desktop,Desktop,0
TX000144,U031,353.35,2024-03-02 11:48:00,US,iPad,iPad,0
TX000145,U093,233.46,2024-03-17 18:56:00,Germany,Android,Android,0
TX000146,U017,5636.87,2024-03-16 02:29:00,Indonesia,iPhone,Android,1
TX000147,U083,421.71,2024-03-05 21:28:00,Australia,Android,Android,0
TX000148,U022,135.1,2024-03-17 18:43:00,Germany,Android,Android,0
TX000149,U022,105.4,2024-03-15 21:44:00,Germany,Android,Android,0
TX000150,U076,358.59,2024-03-29 14:06:00,Australia,iPad,iPad,0
TX000151,U033,596.06,2024-03-02 21:48:00,UK,Desktop,Desktop,0
TX000152,U004,314.18,2024-03-29 14:36:00,France,iPad,iPad,0
TX000153,U075,126.44,2024-03-30 08:27:00,US,Desktop,Desktop,0
TX000154,U056,201.21,2024-03-19 13:30:00,France,iPhone,iPhone,0
TX000155,U001,612.88,2024-03-12 15:34:00,Germany,iPad,iPad,0
TX000156,U080,595.34,2024-03-21 20:39:00,Germany,iPad,iPad,0
TX000157,U079,183.92,2024-03-28 15:17:00,UK,iPad,iPad,0
TX000158,U003,95.65,2024-03-17 14:59:00,UK,Android,Android,0
TX000159,U084,127.18,2024-03-02 12:47:00,Germany,iPad,iPad,0
TX000160,U072,90.74,2024-03-30 09:23:00,UK,Desktop,Desktop,0
TX000161,U082,199.88,2024-03-09 13:35:00,Germany,iPad,iPad,0
TX000162,U011,111.48,2024-03-14 16:51:00,Australia,Desktop,Desktop,0
TX000163,U054,121.46,2024-03-01 09:20:00,Canada,Desktop,Desktop,0
TX000164,U077,8771.6,2024-03-06 01:30:00,Russia,Android,iPad,1
TX000165,U090,668.03,2024-03-12 14:08:00,UK,Desktop,Desktop,0
TX000166,U075,9273.55,2024-03-07 00:42:00,Nigeria,Android,Desktop,1
TX000167,U032,192.42,2024-03-20 18:27:00,UK,Desktop,Desktop,0
TX000168,U004,374.28,2024-03-28 16:33:00,France,iPad,iPad,0
TX000169,U014,3422.46,2024-03-13 00:06:00,Vietnam,iPhone,iPad,1
TX000170,U019,317.09,2024-03-12 10:13:00,UK,iPhone,iPhone,0
TX000171,U083,305.45,2024-03-10 19:34:00,US,Android,Android,0
TX000172,U035,275.47,2024-03-26 12:56:00,US,Android,Android,0
TX000173,U024,402.4,2024-03-28 11:31:00,Canada,Android,Android,0
TX000174,U050,175.89,2024-03-15 09:31:00,Canada,Desktop,Desktop,0
TX000175,U006,756.0,2024-03-03 19:00:00,Canada,Android,Android,0
TX000176,U018,85.23,2024-03-10 14:39:00,Germany,Desktop,Desktop,0
TX000177,U014,282.73,2024-03-09 20:17:00,France,iPad,iPad,0
TX000178,U060,295.35,2024-03-27 08:27:00,Canada,iPad,iPad,0
TX000179,U066,262.11,2024-03-24 19:00:00,US,Desktop,Desktop,0
TX000180,U023,408.0,2024-03-05 08:39:00,Canada,iPad,iPad,0
TX000181,U008,176.01,2024-03-28 11:04:00,Canada,Desktop,Desktop,0
TX000182,U037,284.37,2024-03-12 13:14:00,Australia,Desktop,Desktop,0
TX000183,U061,9906.85,2024-03-20 04:41:00,Nigeria,Desktop,iPad,1
TX000184,U029,183.49,2024-03-05 18:44:00,Germany,Desktop,Desktop,0
TX000185,U051,4038.4,2024-03-11 02:05:00,Pakistan,iPad,Android,1
TX000186,U098,159.95,2024-03-12 14:57:00,Germany,iPhone,iPhone,0
TX000187,U084,3929.0,2024-03-28 01:14:00,Brazil,Android,iPad,1
TX000188,U008,320.49,2024-03-05 13:25:00,Canada,Desktop,Desktop,0
TX000189,U047,290.21,2024-03-17 15:47:00,France,iPad,iPad,0
TX000190,U091,542.61,2024-03-16 10:56:00,US,Android,Android,0
TX000191,U048,517.34,2024-03-09 08:32:00,Australia,iPhone,iPhone,0
TX000192,U048,366.96,2024-03-04 18:24:00,Germany,iPhone,iPhone,0
TX000193,U004,377.94,2024-03-01 18:47:00,France,iPad,iPad,0
TX000194,U054,127.01,2024-03-07 17:22:00,Canada,Desktop,Desktop,0
TX000195,U021,472.53,2024-03-26 13:30:00,Australia,Android,Android,0
TX000196,U099,286.6,2024-03-03 16:24:00,Germany,iPhone,iPhone,0
TX000197,U026,201.68,2024-03-16 18:42:00,Australia,iPhone,iPhone,0
TX000198,U070,162.37,2024-03-23 12:18:00,Germany,iPhone,iPhone,0
TX000199,U080,437.36,2024-03-19 13:37:00,Germany,iPad,iPad,0
TX000200,U068,229.43,2024-03-03 19:27:00,France,iPad,iPad,0
TX000201,U036,217.77,2024-03-12 14:42:00,Germany,iPhone,iPhone,0
TX000202,U013,69.49,2024-03-10 20:51:00,US,Desktop,Desktop,0
TX000203,U036,227.37,2024-03-22 13:40:00,Germany,iPhone,iPhone,0
TX000204,U086,157.93,2024-03-26 15:21:00,Canada,iPhone,iPhone,0
TX000205,U072,81.8,2024-03-28 11:50:00,UK,Desktop,Desktop,0
TX000206,U074,323.85,2024-03-18 14:40:00,Australia,Android,Android,0
TX000207,U047,285.88,2024-03-15 12:58:00,France,iPad,iPad,0
TX000208,U092,162.99,2024-03-29 20:20:00,US,iPad,iPad,0
TX000209,U025,155.38,2024-03-09 14:38:00,Australia,Android,Android,0
TX000210,U024,3728.77,2024-03-07 01:20:00,Russia,iPad,Android,1
TX000211,U036,9259.34,2024-03-27 00:13:00,China,Android,iPhone,1
TX000212,U041,120.0,2024-03-05 19:07:00,Canada,iPhone,iPhone,0
TX000213,U027,204.7,2024-03-03 17:41:00,France,Desktop,Desktop,0
TX000214,U070,5649.33,2024-03-02 02:55:00,Romania,Android,iPhone,1
TX000215,U008,152.52,2024-03-23 16:27:00,Canada,iPhone,Desktop,0
TX000216,U062,69.36,2024-03-20 12:11:00,US,Android,Desktop,0
TX000217,U065,99.17,2024-03-08 09:19:00,US,iPad,iPad,0
TX000218,U033,254.93,2024-03-18 14:28:00,UK,Desktop,Desktop,0
TX000219,U066,171.32,2024-03-11 08:54:00,US,Desktop,Desktop,0
TX000220,U052,168.27,2024-03-10 11:11:00,Germany,Desktop,Desktop,0
TX000221,U049,8722.15,2024-03-30 01:13:00,China,Android,iPad,1
TX000222,U067,197.57,2024-03-03 12:37:00,Canada,Android,Android,0
TX000223,U091,341.78,2024-03-29 16:41:00,US,Android,Android,0
TX000224,U033,404.47,2024-03-14 13:20:00,UK,Desktop,Desktop,0
TX000225,U052,100.91,2024-03-04 09:56:00,Germany,Desktop,Desktop,0
TX000226,U079,187.95,2024-03-13 19:02:00,UK,Desktop,iPad,0
TX000227,U078,450.58,2024-03-28 09:02:00,UK,Desktop,Desktop,0
TX000228,U083,313.11,2024-03-02 16:21:00,Australia,Android,Android,0
TX000229,U011,50.04,2024-03-09 12:39:00,Australia,Desktop,Desktop,0
TX000230,U062,293.05,2024-03-04 08:04:00,US,Desktop,Desktop,0
TX000231,U052,190.59,2024-03-29 21:02:00,Germany,Desktop,Desktop,0
TX000232,U007,149.44,2024-03-22 20:29:00,Germany,Android,Android,0
TX000233,U055,87.83,2024-03-24 17:00:00,Australia,iPhone,iPhone,0
TX000234,U065,116.11,2024-03-18 12:52:00,US,iPad,iPad,0
TX000235,U032,144.48,2024-03-21 14:29:00,UK,Desktop,Desktop,0
TX000236,U068,145.36,2024-03-09 10:13:00,France,iPad,iPad,0
TX000237,U021,323.66,2024-03-10 08:01:00,Australia,Android,Android,0
TX000238,U058,293.83,2024-03-02 14:55:00,Australia,iPad,iPad,0
TX000239,U059,166.43,2024-03-12 12:28:00,Australia,iPhone,iPhone,0
TX000240,U087,278.01,2024-03-01 18:47:00,Germany,Android,Android,0
TX000241,U099,9695.51,2024-03-04 05:15:00,Pakistan,iPad,iPhone,1
TX000242,U015,387.12,2024-03-08 13:23:00,Germany,Android,Android,0
TX000243,U010,3575.2,2024-03-09 00:01:00,Brazil,iPhone,iPad,1
TX000244,U079,281.04,2024-03-09 21:48:00,UK,iPad,iPad,0
TX000245,U089,294.66,2024-03-02 19:42:00,Australia,iPhone,iPhone,0
TX000246,U010,90.76,2024-03-14 18:03:00,US,iPad,iPad,0
TX000247,U089,399.67,2024-03-24 08:01:00,UK,iPhone,iPhone,0
TX000248,U032,132.52,2024-03-21 09:40:00,UK,Desktop,Desktop,0
TX000249,U021,315.77,2024-03-22 13:54:00,Australia,Android,Android,0
TX000250,U089,540.34,2024-03-21 20:42:00,UK,iPhone,iPhone,0
TX000251,U052,149.65,2024-03-05 18:56:00,Germany,Desktop,Desktop,0
TX000252,U056,133.8,2024-03-07 21:47:00,UK,iPhone,iPhone,0
TX000253,U025,132.45,2024-03-03 12:28:00,Australia,Android,Android,0
TX000254,U004,5810.46,2024-03-25 02:13:00,Russia,Android,iPad,1
TX000255,U021,179.71,2024-03-16 16:16:00,Australia,Android,Android,0
TX000256,U009,102.3,2024-03-19 15:44:00,US,Desktop,Desktop,0
TX000257,U058,186.96,2024-03-22 15:46:00,Australia,iPad,iPad,0
TX000258,U026,295.45,2024-03-28 11:00:00,Australia,iPhone,iPhone,0
TX000259,U045,7117.42,2024-03-03 05:35:00,Brazil,iPhone,iPad,1
TX000260,U058,216.8,2024-03-30 09:53:00,Australia,iPad,iPad,0
TX000261,U019,458.22,2024-03-12 20:01:00,UK,iPhone,iPhone,0
TX000262,U058,390.01,2024-03-04 20:53:00,Australia,iPad,iPad,0
TX000263,U055,80.46,2024-03-25 18:59:00,Australia,iPhone,iPhone,0
TX000264,U045,116.14,2024-03-15 18:17:00,US,iPad,iPad,0
TX000265,U075,130.41,2024-03-30 21:49:00,US,Desktop,Desktop,0
TX000266,U081,433.2,2024-03-14 10:21:00,Canada,Desktop,Desktop,0
TX000267,U069,411.22,2024-03-26 13:23:00,UK,iPhone,iPhone,0
TX000268,U039,220.55,2024-03-09 13:05:00,UK,iPad,iPad,0
TX000269,U046,512.77,2024-03-12 15:17:00,Germany,Android,Desktop,0
TX000270,U030,4930.04,2024-03-16 01:43:00,Vietnam,iPad,iPhone,1
TX000271,U054,86.89,2024-03-13 16:51:00,Canada,Desktop,Desktop,0
TX000272,U056,7337.9,2024-03-04 04:29:00,China,Android,iPhone,1
TX000273,U033,387.23,2024-03-15 15:43:00,UK,Desktop,Desktop,0
TX000274,U071,80.24,2024-03-25 21:44:00,Germany,Android,Android,0
TX000275,U058,317.28,2024-03-25 10:12:00,Australia,iPad,iPad,0
TX000276,U012,175.25,2024-03-10 11:56:00,UK,Android,Android,0
TX000277,U071,96.09,2024-03-09 18:02:00,Germany,Android,Android,0
TX000278,U086,503.57,2024-03-01 09:01:00,Canada,iPhone,iPhone,0
TX000279,U085,7649.32,2024-03-02 01:27:00,Nigeria,Android,Desktop,1
TX000280,U051,76.69,2024-03-03 17:02:00,US,Android,Android,0
TX000281,U063,167.9,2024-03-04 17:43:00,US,Android,Android,0
TX000282,U086,3883.78,2024-03-28 03:01:00,Vietnam,iPad,iPhone,1
TX000283,U027,253.82,2024-03-30 15:47:00,France,Desktop,Desktop,0
TX000284,U097,168.12,2024-03-25 14:18:00,France,iPad,iPad,0
TX000285,U050,6087.51,2024-03-28 03:00:00,China,Android,Desktop,1
TX000286,U036,261.54,2024-03-10 09:47:00,Germany,iPhone,iPhone,0
TX000287,U084,75.41,2024-03-03 20:42:00,Germany,iPad,iPad,0
TX000288,U040,376.74,2024-03-05 18:19:00,Australia,iPhone,iPhone,0
TX000289,U094,485.78,2024-03-11 19:33:00,Australia,Desktop,Desktop,0
TX000290,U016,152.54,2024-03-06 19:06:00,Canada,Android,Android,0
TX000291,U027,169.99,2024-03-02 11:25:00,France,Desktop,Desktop,0
TX000292,U005,36.88,2024-03-25 19:38:00,Australia,Desktop,Desktop,0
TX000293,U066,118.57,2024-03-22 09:14:00,US,Desktop,Desktop,0
TX000294,U076,422.57,2024-03-03 12:05:00,Australia,iPad,iPad,0
TX000295,U041,116.84,2024-03-16 14:55:00,Canada,iPhone,iPhone,0
TX000296,U022,150.34,2024-03-16 20:09:00,Germany,Android,Android,0
TX000297,U099,239.57,2024-03-20 16:03:00,Germany,iPhone,iPhone,0
TX000298,U001,602.72,2024-03-15 13:14:00,Germany,iPad,iPad,0
TX000299,U021,5127.62,2024-03-12 03:44:00,Romania,iPad,Android,1
TX000300,U039,156.5,2024-03-01 10:45:00,UK,iPad,iPad,0
TX000301,U091,325.43,2024-03-30 15:55:00,US,Android,Android,0
TX000302,U025,97.79,2024-03-19 16:46:00,Australia,Android,Android,0
TX000303,U003,120.31,2024-03-24 21:33:00,UK,Android,Android,0
TX000304,U053,376.76,2024-03-24 08:39:00,Australia,Desktop,Desktop,0
TX000305,U089,436.98,2024-03-09 09:10:00,UK,iPhone,iPhone,0
TX000306,U055,145.14,2024-03-03 19:58:00,Australia,iPhone,iPhone,0
TX000307,U064,566.15,2024-03-01 19:52:00,Australia,Desktop,Desktop,0
TX000308,U073,420.78,2024-03-01 15:11:00,France,Android,Android,0
TX000309,U045,127.11,2024-03-08 13:52:00,US,iPad,iPad,0
TX000310,U051,94.26,2024-03-07 14:47:00,US,Android,Android,0
TX000311,U028,354.17,2024-03-06 14:25:00,Canada,Desktop,iPhone,0
TX000312,U086,359.15,2024-03-27 17:23:00,Canada,iPhone,iPhone,0
TX000313,U065,197.0,2024-03-24 11:52:00,US,iPad,iPad,0
TX000314,U061,3053.65,2024-03-28 03:24:00,Romania,Desktop,iPad,1
TX000315,U090,369.18,2024-03-11 17:21:00,UK,Desktop,Desktop,0
TX000316,U009,227.21,2024-03-09 14:36:00,US,Desktop,Desktop,0
TX000317,U064,300.63,2024-03-01 20:51:00,France,Desktop,Desktop,0
TX000318,U019,495.99,2024-03-26 20:42:00,UK,iPhone,iPhone,0
TX000319,U092,141.46,2024-03-30 14:44:00,US,iPad,iPad,0
TX000320,U047,7226.57,2024-03-04 01:29:00,Russia,Android,iPad,1
TX000321,U033,297.51,2024-03-12 08:21:00,UK,Desktop,Desktop,0
TX000322,U015,430.35,2024-03-02 17:29:00,Germany,Android,Android,0
TX000323,U014,268.4,2024-03-21 18:26:00,France,iPad,iPad,0
TX000324,U016,274.31,2024-03-03 19:54:00,Canada,Android,Android,0
TX000325,U065,5795.58,2024-03-17 05:10:00,Pakistan,iPhone,iPad,1
TX000326,U095,233.65,2024-03-21 16:33:00,France,iPhone,iPhone,0
TX000327,U060,181.61,2024-03-15 19:44:00,Canada,iPad,iPad,0
TX000328,U063,9227.56,2024-03-25 02:01:00,Indonesia,iPad,Android,1
TX000329,U100,490.91,2024-03-24 12:52:00,UK,Desktop,Desktop,0
TX000330,U065,224.66,2024-03-28 09:46:00,US,iPad,iPad,0
TX000331,U095,131.61,2024-03-24 11:27:00,France,iPhone,iPhone,0
TX000332,U065,4171.52,2024-03-24 05:47:00,Russia,iPhone,iPad,1
TX000333,U059,159.32,2024-03-22 21:02:00,Australia,iPhone,iPhone,0
TX000334,U064,188.13,2024-03-05 17:01:00,Australia,Desktop,Desktop,0
TX000335,U037,143.34,2024-03-18 11:20:00,Australia,Desktop,Desktop,0
TX000336,U029,168.59,2024-03-05 11:48:00,Germany,Desktop,Desktop,0
TX000337,U049,411.36,2024-03-19 14:58:00,UK,iPad,iPad,0
TX000338,U042,211.64,2024-03-12 12:18:00,UK,Android,Android,0
TX000339,U068,239.57,2024-03-13 10:54:00,France,iPad,iPad,0
TX000340,U098,170.49,2024-03-07 12:39:00,Germany,iPhone,iPhone,0
TX000341,U028,615.07,2024-03-21 18:26:00,Canada,iPhone,iPhone,0
TX000342,U054,93.55,2024-03-26 21:42:00,Canada,Desktop,Desktop,0
TX000343,U019,497.78,2024-03-23 13:51:00,UK,iPhone,iPhone,0
TX000344,U075,96.77,2024-03-17 09:13:00,US,Desktop,Desktop,0
TX000345,U091,478.66,2024-03-07 11:04:00,US,Android,Android,0
TX000346,U035,623.22,2024-03-03 13:22:00,US,Android,Android,0
TX000347,U069,334.46,2024-03-22 09:52:00,UK,iPhone,iPhone,0
TX000348,U086,382.77,2024-03-09 09:35:00,Canada,iPhone,iPhone,0
TX000349,U030,93.75,2024-03-17 17:30:00,France,Desktop,iPhone,0
TX000350,U030,8165.09,2024-03-15 00:20:00,Nigeria,Android,iPhone,1
TX000351,U008,388.2,2024-03-23 15:28:00,Canada,Desktop,Desktop,0
TX000352,U034,5852.8,2024-03-11 05:58:00,Romania,Desktop,iPad,1
TX000353,U072,8657.65,2024-03-29 04:22:00,Pakistan,Android,Desktop,1
TX000354,U016,270.92,2024-03-16 19:01:00,Canada,Android,Android,0
TX000355,U060,7970.77,2024-03-02 03:54:00,Indonesia,Desktop,iPad,1
TX000356,U067,224.05,2024-03-01 14:12:00,France,Android,Android,0
TX000357,U030,101.11,2024-03-25 16:05:00,France,iPhone,iPhone,0
TX000358,U031,37.42,2024-03-20 11:39:00,US,iPad,iPad,0
TX000359,U014,266.66,2024-03-30 13:42:00,France,iPad,iPad,0
TX000360,U004,8427.42,2024-03-02 05:09:00,Russia,Desktop,iPad,1
TX000361,U098,125.87,2024-03-26 20:39:00,Germany,iPhone,iPhone,0
TX000362,U086,268.34,2024-03-06 16:24:00,Canada,iPhone,iPhone,0
TX000363,U044,51.48,2024-03-02 18:07:00,UK,iPhone,iPhone,0
TX000364,U068,186.58,2024-03-06 08:23:00,France,iPad,iPad,0
TX000365,U056,261.48,2024-03-25 18:31:00,UK,iPhone,iPhone,0
TX000366,U055,4168.67,2024-03-05 04:28:00,Pakistan,Desktop,iPhone,1
TX000367,U024,373.53,2024-03-20 12:18:00,US,Android,Android,0
TX000368,U083,347.91,2024-03-15 10:46:00,Germany,Android,Android,0
TX000369,U071,74.72,2024-03-16 09:48:00,Germany,Android,Android,0
TX000370,U073,418.59,2024-03-02 20:55:00,France,Android,Android,0
TX000371,U007,8159.68,2024-03-08 03:41:00,Romania,iPhone,Android,1
TX000372,U054,146.08,2024-03-25 20:48:00,Canada,Desktop,Desktop,0
TX000373,U054,128.26,2024-03-02 15:27:00,Canada,Desktop,Desktop,0
TX000374,U014,213.81,2024-03-12 08:05:00,France,iPad,iPad,0
TX000375,U024,644.41,2024-03-08 08:37:00,Canada,Android,Android,0
TX000376,U076,3118.63,2024-03-09 05:17:00,China,Desktop,iPad,1
TX000377,U007,5053.16,2024-03-07 01:35:00,Nigeria,Desktop,Android,1
TX000378,U057,365.05,2024-03-13 11:51:00,France,Desktop,Desktop,0
TX000379,U051,9289.92,2024-03-24 00:48:00,Nigeria,Desktop,Android,1
TX000380,U086,542.85,2024-03-23 19:41:00,Canada,iPhone,iPhone,0
TX000381,U004,374.95,2024-03-18 11:34:00,France,iPad,iPad,0
TX000382,U015,378.6,2024-03-26 16:28:00,Germany,Android,Android,0
TX000383,U010,84.41,2024-03-04 15:46:00,Canada,Desktop,iPad,0
TX000384,U095,134.52,2024-03-14 16:05:00,Australia,iPhone,iPhone,0
TX000385,U026,3054.89,2024-03-24 02:45:00,Brazil,Android,iPhone,1
TX000386,U038,209.8,2024-03-14 12:32:00,Germany,iPad,iPad,0
TX000387,U006,446.79,2024-03-03 21:29:00,Germany,Android,Android,0
TX000388,U006,666.89,2024-03-17 08:30:00,Germany,Android,Android,0
TX000389,U077,292.07,2024-03-16 19:35:00,Germany,iPad,iPad,0
TX000390,U064,243.58,2024-03-25 12:33:00,Australia,Desktop,Desktop,0
TX000391,U019,345.9,2024-03-02 09:10:00,UK,iPhone,iPhone,0
TX000392,U008,399.19,2024-03-01 21:42:00,Canada,Desktop,Desktop,0
TX000393,U081,617.07,2024-03-04 17:39:00,Canada,Desktop,Desktop,0
TX000394,U042,315.66,2024-03-02 15:35:00,UK,Android,Android,0
TX000395,U048,6000.91,2024-03-12 02:56:00,Nigeria,Android,iPhone,1
TX000396,U010,70.85,2024-03-20 10:43:00,Canada,iPad,iPad,0
TX000397,U094,560.34,2024-03-18 08:24:00,UK,Desktop,Desktop,0
TX000398,U093,440.07,2024-03-20 20:29:00,Germany,Android,Android,0
TX000399,U059,93.95,2024-03-22 08:53:00,Australia,iPhone,iPhone,0
TX000400,U041,84.02,2024-03-19 17:42:00,Canada,iPhone,iPhone,0
TX000401,U060,322.08,2024-03-14 12:11:00,Canada,iPad,iPad,0
TX000402,U023,225.19,2024-03-16 10:14:00,Canada,iPad,iPad,0
TX000403,U046,456.74,2024-03-05 10:46:00,Germany,Desktop,Desktop,0
TX000404,U024,364.0,2024-03-23 08:04:00,Canada,Android,Android,0
TX000405,U023,543.98,2024-03-25 16:39:00,Canada,iPad,iPad,0
TX000406,U054,77.66,2024-03-03 11:23:00,Canada,Desktop,Desktop,0
TX000407,U051,4337.83,2024-03-04 02:30:00,Brazil,iPad,Android,1
TX000408,U041,186.45,2024-03-05 21:56:00,Canada,iPhone,iPhone,0
TX000409,U027,153.59,2024-03-21 13:09:00,Germany,Desktop,Desktop,0
TX000410,U021,5664.83,2024-03-10 01:31:00,Vietnam,Desktop,Android,1
TX000411,U059,112.88,2024-03-22 17:24:00,Australia,iPhone,iPhone,0
TX000412,U017,202.47,2024-03-25 08:22:00,France,Android,Android,0
TX000413,U036,139.35,2024-03-27 14:21:00,Germany,iPhone,iPhone,0
TX000414,U001,3875.88,2024-03-17 00:42:00,Pakistan,Android,iPad,1
TX000415,U041,95.32,2024-03-12 08:54:00,UK,iPhone,iPhone,0
TX000416,U055,63.03,2024-03-04 11:08:00,Australia,iPhone,iPhone,0
TX000417,U083,391.0,2024-03-04 14:07:00,Australia,Android,Android,0
TX000418,U059,135.41,2024-03-19 15:12:00,Australia,iPhone,iPhone,0
TX000419,U069,330.88,2024-03-16 19:50:00,UK,iPhone,iPhone,0
TX000420,U043,66.4,2024-03-02 14:19:00,Canada,iPad,iPad,0
TX000421,U022,107.24,2024-03-19 14:02:00,Germany,Android,Android,0
TX000422,U082,469.06,2024-03-30 19:30:00,Germany,iPad,iPad,0
TX000423,U005,32.2,2024-03-24 13:02:00,UK,Desktop,Desktop,0
TX000424,U033,540.96,2024-03-27 12:18:00,UK,Desktop,Desktop,0
TX000425,U039,371.74,2024-03-22 10:39:00,UK,iPad,iPad,0
TX000426,U020,467.89,2024-03-08 16:37:00,Canada,Desktop,Desktop,0
TX000427,U062,215.71,2024-03-17 16:27:00,US,Desktop,Desktop,0
TX000428,U071,62.43,2024-03-28 09:45:00,Germany,Android,Android,0
TX000429,U038,263.95,2024-03-22 16:27:00,Germany,iPad,iPad,0
TX000430,U019,483.55,2024-03-22 09:17:00,UK,iPhone,iPhone,0
TX000431,U079,327.85,2024-03-28 18:17:00,UK,iPad,iPad,0
TX000432,U029,145.01,2024-03-15 12:18:00,Germany,Desktop,Desktop,0
TX000433,U022,75.47,2024-03-04 20:10:00,Germany,Android,Android,0
TX000434,U049,518.27,2024-03-14 20:17:00,Canada,iPad,iPad,0
TX000435,U032,138.49,2024-03-28 16:06:00,UK,Desktop,Desktop,0
TX000436,U015,449.2,2024-03-24 10:19:00,Germany,Android,Android,0
TX000437,U017,210.21,2024-03-23 12:54:00,France,Android,Android,0
TX000438,U096,352.0,2024-03-05 21:58:00,Canada,Android,Android,0
TX000439,U048,335.82,2024-03-30 09:07:00,Germany,iPhone,iPhone,0
TX000440,U010,31.01,2024-03-24 20:26:00,Canada,iPad,iPad,0
TX000441,U074,376.47,2024-03-25 18:54:00,Australia,Android,Android,0
TX000442,U060,156.32,2024-03-27 15:12:00,Canada,iPad,iPad,0
TX000443,U002,397.98,2024-03-11 19:38:00,France,iPad,iPad,0
TX000444,U092,85.28,2024-03-25 17:28:00,US,iPad,iPad,0
TX000445,U004,243.41,2024-03-23 08:06:00,France,iPad,iPad,0
TX000446,U078,5861.44,2024-03-16 04:24:00,Romania,Android,Desktop,1
TX000447,U005,16.06,2024-03-15 20:22:00,Canada,Desktop,Desktop,0
TX000448,U068,138.45,2024-03-29 12:22:00,France,iPad,iPad,0
TX000449,U052,111.58,2024-03-05 14:21:00,Germany,Desktop,Desktop,0
TX000450,U049,337.65,2024-03-09 13:29:00,UK,iPad,iPad,0
TX000451,U005,44.13,2024-03-30 10:44:00,UK,Desktop,Desktop,0
TX000452,U086,151.24,2024-03-13 14:44:00,Canada,iPhone,iPhone,0
TX000453,U085,192.17,2024-03-22 13:48:00,US,Desktop,Desktop,0
TX000454,U030,4160.24,2024-03-26 05:59:00,Russia,Desktop,iPhone,1
TX000455,U036,4483.26,2024-03-19 05:57:00,China,iPad,iPhone,1
TX000456,U015,510.75,2024-03-19 08:14:00,Germany,Android,Android,0
TX000457,U074,294.44,2024-03-19 09:20:00,Australia,Android,Android,0
TX000458,U001,332.48,2024-03-07 20:39:00,Germany,iPad,iPad,0
TX000459,U088,138.39,2024-03-03 08:10:00,UK,Desktop,Desktop,0
TX000460,U058,254.68,2024-03-03 20:30:00,Australia,iPad,iPad,0
TX000461,U029,171.58,2024-03-22 16:07:00,Germany,Desktop,Desktop,0
TX000462,U073,371.88,2024-03-22 10:22:00,France,Android,Android,0
TX000463,U078,413.22,2024-03-11 10:41:00,UK,Desktop,Desktop,0
TX000464,U030,50.01,2024-03-25 11:52:00,France,iPhone,iPhone,0
TX000465,U045,186.45,2024-03-27 20:22:00,US,Desktop,iPad,0
TX000466,U083,8104.64,2024-03-04 05:02:00,Indonesia,Desktop,Android,1
TX000467,U095,166.62,2024-03-24 20:58:00,France,iPhone,iPhone,0
TX000468,U048,8365.61,2024-03-16 04:26:00,Russia,iPad,iPhone,1
TX000469,U096,438.51,2024-03-29 19:30:00,Canada,Android,Android,0
TX000470,U071,56.6,2024-03-21 10:17:00,Germany,Android,Android,0
TX000471,U036,102.84,2024-03-10 19:32:00,Germany,iPhone,iPhone,0
TX000472,U011,73.61,2024-03-30 21:55:00,Australia,Desktop,Desktop,0
TX000473,U010,49.53,2024-03-18 09:35:00,Canada,iPad,iPad,0
TX000474,U090,424.68,2024-03-06 10:45:00,UK,Desktop,Desktop,0
TX000475,U061,227.3,2024-03-14 17:22:00,UK,iPad,iPad,0
TX000476,U100,329.68,2024-03-12 11:40:00,Germany,Desktop,Desktop,0
TX000477,U028,674.48,2024-03-21 20:07:00,Canada,iPhone,iPhone,0
TX000478,U035,597.49,2024-03-27 21:34:00,US,Android,Android,0
TX000479,U077,217.68,2024-03-29 13:27:00,Germany,iPad,iPad,0
TX000480,U027,232.07,2024-03-27 20:50:00,France,Desktop,Desktop,0
TX000481,U015,358.63,2024-03-21 18:18:00,Germany,iPad,Android,0
TX000482,U054,139.0,2024-03-24 21:53:00,Canada,Desktop,Desktop,0
TX000483,U049,219.89,2024-03-26 18:58:00,UK,iPad,iPad,0
TX000484,U003,102.09,2024-03-11 10:13:00,UK,iPad,Android,0
TX000485,U061,256.72,2024-03-11 15:33:00,UK,iPad,iPad,0
TX000486,U055,84.22,2024-03-17 13:49:00,Australia,iPhone,iPhone,0
TX000487,U084,214.46,2024-03-18 20:38:00,Germany,iPad,iPad,0
TX000488,U055,84.02,2024-03-22 17:52:00,Australia,Android,iPhone,0
TX000489,U064,380.06,2024-03-22 13:42:00,Australia,Desktop,Desktop,0
TX000490,U081,493.97,2024-03-20 13:45:00,Canada,Desktop,Desktop,0
TX000491,U038,471.41,2024-03-02 20:24:00,Germany,iPad,iPad,0
TX000492,U049,379.09,2024-03-20 13:11:00,UK,iPad,iPad,0
TX000493,U029,214.19,2024-03-23 11:27:00,Germany,Desktop,Desktop,0
TX000494,U046,517.37,2024-03-23 12:27:00,Germany,Desktop,Desktop,0
TX000495,U073,300.3,2024-03-25 14:27:00,France,Android,Android,0
TX000496,U079,195.58,2024-03-10 08:53:00,UK,iPhone,iPad,0
TX000497,U029,5699.18,2024-03-26 03:42:00,Russia,iPad,Desktop,1
TX000498,U020,9596.68,2024-03-20 04:43:00,Indonesia,iPad,Desktop,1
TX000499,U040,4089.0,2024-03-30 04:27:00,China,iPad,iPhone,1
TX000500,U060,172.57,2024-03-04 20:40:00,Canada,iPad,iPad,0
TX000501,U026,172.06,2024-03-22 14:30:00,Australia,iPhone,iPhone,0
TX000502,U011,65.54,2024-03-10 13:11:00,Australia,Desktop,Desktop,0
TX000503,U024,439.71,2024-03-25 17:45:00,Canada,Android,Android,0
TX000504,U053,209.03,2024-03-19 09:11:00,Australia,Desktop,Desktop,0
TX000505,U040,454.56,2024-03-27 17:20:00,Australia,iPhone,iPhone,0
TX000506,U082,262.13,2024-03-19 13:23:00,Germany,iPad,iPad,0
TX000507,U071,8598.03,2024-03-27 03:44:00,Indonesia,Desktop,Android,1
TX000508,U096,4374.93,2024-03-06 04:18:00,Nigeria,iPhone,Android,1
TX000509,U077,327.6,2024-03-13 16:10:00,Germany,iPad,iPad,0
TX000510,U063,156.42,2024-03-03 19:00:00,US,Android,Android,0
TX000511,U098,221.75,2024-03-14 13:05:00,Germany,iPhone,iPhone,0
TX000512,U003,148.36,2024-03-05 20:07:00,UK,Android,Android,0
TX000513,U089,4768.52,2024-03-07 03:22:00,Pakistan,iPad,iPhone,1
TX000514,U022,187.1,2024-03-22 08:31:00,Germany,Android,Android,0
TX000515,U097,226.15,2024-03-18 15:48:00,France,iPad,iPad,0
TX000516,U023,320.3,2024-03-29 16:35:00,France,iPad,iPad,0
TX000517,U002,248.54,2024-03-18 20:57:00,France,iPad,iPad,0
TX000518,U094,633.57,2024-03-20 10:22:00,Australia,Desktop,Desktop,0
TX000519,U073,409.84,2024-03-30 11:56:00,France,Android,Android,0
TX000520,U057,399.62,2024-03-15 16:19:00,France,Desktop,Desktop,0
TX000521,U097,163.93,2024-03-11 08:55:00,UK,iPad,iPad,0
TX000522,U042,239.42,2024-03-21 20:03:00,UK,Android,Android,0
TX000523,U023,441.7,2024-03-19 20:41:00,Canada,iPad,iPad,0
TX000524,U072,125.46,2024-03-19 15:30:00,UK,iPad,Desktop,0
TX000525,U028,309.31,2024-03-02 19:02:00,Canada,iPhone,iPhone,0
TX000526,U037,143.96,2024-03-17 17:48:00,Australia,Desktop,Desktop,0
TX000527,U100,445.06,2024-03-08 21:15:00,Canada,Desktop,Desktop,0
TX000528,U001,9941.87,2024-03-08 03:51:00,Nigeria,Desktop,iPad,1
TX000529,U080,405.29,2024-03-23 15:53:00,Germany,iPad,iPad,0
TX000530,U025,120.34,2024-03-10 13:16:00,Australia,Android,Android,0
TX000531,U026,149.5,2024-03-16 18:56:00,Australia,iPhone,iPhone,0
TX000532,U015,394.41,2024-03-23 09:50:00,Germany,Android,Android,0
TX000533,U050,304.14,2024-03-02 16:09:00,Canada,Desktop,Desktop,0
TX000534,U003,111.91,2024-03-21 13:25:00,UK,Android,Android,0
TX000535,U097,7775.07,2024-03-20 05:14:00,Russia,Android,iPad,1
TX000536,U046,210.1,2024-03-15 19:50:00,Germany,Desktop,Desktop,0
TX000537,U068,289.89,2024-03-23 15:11:00,France,iPad,iPad,0
TX000538,U067,281.82,2024-03-26 12:00:00,Canada,Android,Android,0
TX000539,U053,459.69,2024-03-09 12:31:00,Australia,iPhone,Desktop,0
TX000540,U002,325.47,2024-03-13 17:50:00,France,iPad,iPad,0
TX000541,U072,148.85,2024-03-09 21:14:00,Australia,Desktop,Desktop,0
TX000542,U095,147.12,2024-03-23 08:37:00,France,iPhone,iPhone,0
TX000543,U040,377.6,2024-03-22 17:44:00,Australia,iPhone,iPhone,0
TX000544,U079,72.56,2024-03-22 08:01:00,UK,iPad,iPad,0
TX000545,U013,6266.85,2024-03-03 05:05:00,Romania,iPhone,Desktop,1
TX000546,U014,227.81,2024-03-13 18:54:00,France,iPad,iPad,0
TX000547,U035,7754.39,2024-03-02 00:25:00,Russia,iPhone,Android,1
TX000548,U047,192.1,2024-03-14 16:12:00,France,iPhone,iPad,0
TX000549,U007,120.11,2024-03-15 18:43:00,Germany,Android,Android,0
TX000550,U035,5482.66,2024-03-16 01:43:00,Brazil,Desktop,Android,1
TX000551,U024,266.4,2024-03-06 20:45:00,Canada,Android,Android,0
TX000552,U014,198.94,2024-03-27 15:11:00,France,iPad,iPad,0
TX000553,U016,5934.28,2024-03-03 01:37:00,Brazil,iPhone,Android,1
TX000554,U008,316.49,2024-03-25 20:15:00,UK,Desktop,Desktop,0
TX000555,U099,5203.78,2024-03-29 04:02:00,Russia,Android,iPhone,1
TX000556,U060,186.42,2024-03-06 21:13:00,Canada,iPad,iPad,0
TX000557,U004,47.1,2024-03-05 16:25:00,France,iPad,iPad,0
TX000558,U084,129.52,2024-03-11 17:30:00,Germany,iPad,iPad,0
TX000559,U017,102.21,2024-03-06 15:54:00,France,Android,Android,0
TX000560,U022,5675.77,2024-03-27 04:41:00,Vietnam,Desktop,Android,1
TX000561,U003,73.93,2024-03-17 09:10:00,UK,Android,Android,0
TX000562,U073,204.76,2024-03-25 21:23:00,France,Android,Android,0
TX000563,U098,183.68,2024-03-10 21:56:00,Germany,iPhone,iPhone,0
TX000564,U058,241.22,2024-03-21 12:37:00,Australia,iPad,iPad,0
TX000565,U045,136.75,2024-03-12 09:00:00,US,iPad,iPad,0
TX000566,U042,252.02,2024-03-26 18:55:00,UK,Android,Android,0
TX000567,U006,275.52,2024-03-12 17:36:00,Germany,Android,Android,0
TX000568,U004,153.79,2024-03-15 14:34:00,France,iPad,iPad,0
TX000569,U012,244.83,2024-03-24 08:20:00,UK,Android,Android,0
TX000570,U008,276.64,2024-03-23 21:39:00,Canada,Desktop,Desktop,0
TX000571,U014,184.74,2024-03-29 12:14:00,France,iPad,iPad,0
TX000572,U015,298.03,2024-03-23 18:51:00,Germany,Android,Android,0
TX000573,U029,4877.22,2024-03-16 05:29:00,Brazil,Android,Desktop,1
TX000574,U069,368.01,2024-03-13 09:49:00,UK,iPhone,iPhone,0
TX000575,U093,193.25,2024-03-06 13:59:00,Germany,Android,Android,0
TX000576,U079,139.03,2024-03-05 09:15:00,UK,iPad,iPad,0
TX000577,U087,427.88,2024-03-09 17:17:00,Germany,Android,Android,0
TX000578,U095,116.88,2024-03-25 10:12:00,Australia,iPhone,iPhone,0
TX000579,U031,669.6,2024-03-24 19:23:00,US,iPad,iPad,0
TX000580,U016,182.04,2024-03-23 18:40:00,UK,Android,Android,0
TX000581,U004,160.0,2024-03-15 08:04:00,France,iPad,iPad,0
TX000582,U071,90.53,2024-03-11 17:59:00,Germany,Android,Android,0
TX000583,U050,285.97,2024-03-17 09:55:00,Canada,Desktop,Desktop,0
TX000584,U002,404.1,2024-03-29 16:57:00,France,iPad,iPad,0
TX000585,U060,272.23,2024-03-16 13:00:00,Canada,iPad,iPad,0
TX000586,U022,7909.68,2024-03-26 01:25:00,China,iPhone,Android,1
TX000587,U012,137.56,2024-03-02 16:07:00,UK,Android,Android,0
TX000588,U039,376.15,2024-03-14 16:17:00,UK,iPad,iPad,0
TX000589,U029,58.89,2024-03-24 14:16:00,Germany,Desktop,Desktop,0
TX000590,U010,79.02,2024-03-04 20:25:00,Canada,iPad,iPad,0
TX000591,U078,404.56,2024-03-04 20:27:00,US,Desktop,Desktop,0
TX000592,U018,131.42,2024-03-08 12:49:00,Germany,Desktop,Desktop,0
TX000593,U012,168.18,2024-03-14 14:44:00,UK,Android,Android,0
TX000594,U041,61.92,2024-03-14 18:06:00,Canada,iPhone,iPhone,0
TX000595,U043,7984.96,2024-03-22 05:09:00,Nigeria,Desktop,iPad,1
TX000596,U087,300.2,2024-03-09 12:25:00,Germany,Android,Android,0
TX000597,U025,115.79,2024-03-07 18:25:00,Australia,Android,Android,0
TX000598,U088,80.45,2024-03-14 11:12:00,UK,Desktop,Desktop,0
TX000599,U058,269.67,2024-03-01 10:10:00,Australia,iPad,iPad,0
TX000600,U060,7049.45,2024-03-09 03:02:00,Brazil,iPhone,iPad,1
TX000601,U019,182.74,2024-03-25 19:29:00,UK,iPhone,iPhone,0
TX000602,U092,161.22,2024-03-26 17:26:00,US,iPad,iPad,0
TX000603,U026,217.01,2024-03-19 15:31:00,Australia,iPhone,iPhone,0
TX000604,U039,203.38,2024-03-06 18:09:00,UK,iPad,iPad,0
TX000605,U043,60.61,2024-03-10 08:43:00,Canada,iPad,iPad,0
TX000606,U065,78.02,2024-03-29 14:27:00,US,iPad,iPad,0
TX000607,U025,143.82,2024-03-21 10:45:00,Australia,Android,Android,0
TX000608,U053,309.69,2024-03-07 08:05:00,Australia,Desktop,Desktop,0
TX000609,U011,124.27,2024-03-28 09:26:00,Australia,Desktop,Desktop,0
TX000610,U057,413.53,2024-03-28 21:32:00,France,Desktop,Desktop,0
TX000611,U067,200.12,2024-03-24 21:40:00,Canada,Android,Android,0
TX000612,U051,7297.86,2024-03-26 03:01:00,Pakistan,iPad,Android,1
TX000613,U064,382.14,2024-03-07 16:20:00,US,Desktop,Desktop,0
TX000614,U050,381.68,2024-03-28 12:29:00,Canada,Desktop,Desktop,0
TX000615,U004,528.67,2024-03-24 20:51:00,France,iPad,iPad,0
TX000616,U050,449.17,2024-03-18 16:39:00,Canada,Desktop,Desktop,0
TX000617,U029,4060.12,2024-03-05 03:03:00,China,iPad,Desktop,1
TX000618,U046,623.77,2024-03-12 19:41:00,Germany,Desktop,Desktop,0
TX000619,U036,217.83,2024-03-26 08:58:00,Germany,iPhone,iPhone,0
TX000620,U090,492.29,2024-03-10 16:32:00,UK,Desktop,Desktop,0
TX000621,U074,69.96,2024-03-21 13:03:00,UK,Android,Android,0
TX000622,U029,165.06,2024-03-18 13:18:00,Germany,Desktop,Desktop,0
TX000623,U007,89.99,2024-03-12 08:17:00,Germany,Android,Android,0
TX000624,U011,42.41,2024-03-06 19:28:00,Australia,Desktop,Desktop,0
TX000625,U057,4731.8,2024-03-28 03:58:00,Vietnam,Android,Desktop,1
TX000626,U049,478.41,2024-03-05 14:56:00,UK,iPad,iPad,0
TX000627,U096,93.19,2024-03-19 10:57:00,Canada,Android,Android,0
TX000628,U092,150.04,2024-03-13 13:52:00,US,iPad,iPad,0
TX000629,U019,345.0,2024-03-13 10:19:00,UK,iPhone,iPhone,0
TX000630,U087,245.05,2024-03-21 20:56:00,US,Android,Android,0
TX000631,U071,3308.46,2024-03-05 00:00:00,Nigeria,iPad,Android,1
TX000632,U010,60.61,2024-03-28 08:11:00,Canada,iPad,iPad,0
TX000633,U078,461.15,2024-03-11 12:28:00,UK,iPad,Desktop,0
TX000634,U018,96.65,2024-03-19 19:59:00,Germany,Desktop,Desktop,0
TX000635,U027,146.22,2024-03-01 19:11:00,France,Desktop,Desktop,0
TX000636,U046,531.16,2024-03-25 12:27:00,Germany,Desktop,Desktop,0
TX000637,U082,387.35,2024-03-15 09:47:00,Germany,iPad,iPad,0
TX000638,U077,266.34,2024-03-22 21:16:00,France,iPad,iPad,0
TX000639,U044,52.07,2024-03-23 13:38:00,UK,iPhone,iPhone,0
TX000640,U082,488.05,2024-03-29 11:09:00,Germany,iPad,iPad,0
TX000641,U049,262.43,2024-03-16 15:53:00,UK,iPad,iPad,0
TX000642,U077,157.31,2024-03-14 20:59:00,Germany,iPad,iPad,0
TX000643,U055,102.62,2024-03-09 16:04:00,Australia,iPhone,iPhone,0
TX000644,U006,444.3,2024-03-18 18:48:00,Germany,Android,Android,0
TX000645,U021,460.24,2024-03-24 09:06:00,Australia,Android,Android,0
TX000646,U040,354.87,2024-03-13 12:52:00,Australia,iPhone,iPhone,0
TX000647,U090,430.75,2024-03-05 11:28:00,UK,Desktop,Desktop,0
TX000648,U092,54.71,2024-03-29 16:09:00,US,iPad,iPad,0
TX000649,U006,7093.79,2024-03-03 04:48:00,Indonesia,Desktop,Android,1
TX000650,U024,8000.9,2024-03-03 04:41:00,Brazil,iPhone,Android,1
TX000651,U001,494.96,2024-03-02 18:44:00,Germany,iPad,iPad,0
TX000652,U016,203.5,2024-03-10 08:00:00,Canada,Android,Android,0
TX000653,U034,650.58,2024-03-29 16:44:00,France,iPad,iPad,0
TX000654,U006,551.74,2024-03-28 09:59:00,Germany,Android,Android,0
TX000655,U073,253.21,2024-03-09 20:33:00,France,Android,Android,0
TX000656,U004,384.16,2024-03-15 09:44:00,France,iPad,iPad,0
TX000657,U004,135.05,2024-03-03 15:10:00,France,iPad,iPad,0
TX000658,U009,3006.51,2024-03-13 01:47:00,Pakistan,iPhone,Desktop,1
TX000659,U013,87.54,2024-03-28 15:10:00,US,Desktop,Desktop,0
TX000660,U040,329.51,2024-03-19 17:16:00,Australia,iPhone,iPhone,0
TX000661,U095,172.68,2024-03-26 20:30:00,France,iPhone,iPhone,0
TX000662,U092,138.08,2024-03-11 09:45:00,US,iPad,iPad,0
TX000663,U084,109.37,2024-03-09 15:23:00,Germany,iPad,iPad,0
TX000664,U015,272.35,2024-03-19 08:29:00,Germany,Android,Android,0
TX000665,U100,294.36,2024-03-18 15:54:00,UK,Desktop,Desktop,0
TX000666,U042,269.61,2024-03-25 11:37:00,UK,Android,Android,0
TX000667,U024,8973.3,2024-03-14 00:35:00,Romania,iPhone,Android,1
TX000668,U075,105.1,2024-03-19 21:27:00,US,Desktop,Desktop,0
TX000669,U021,221.99,2024-03-20 10:55:00,Australia,Android,Android,0
TX000670,U096,207.29,2024-03-22 10:56:00,Canada,Android,Android,0
TX000671,U007,139.61,2024-03-23 19:06:00,Germany,Android,Android,0
TX000672,U075,74.59,2024-03-03 08:32:00,US,Desktop,Desktop,0
TX000673,U048,715.39,2024-03-14 11:26:00,Germany,iPhone,iPhone,0
TX000674,U061,216.63,2024-03-18 21:38:00,UK,iPad,iPad,0
TX000675,U079,244.65,2024-03-15 15:26:00,UK,iPad,iPad,0
TX000676,U062,301.0,2024-03-20 21:32:00,US,Desktop,Desktop,0
TX000677,U013,55.38,2024-03-29 16:41:00,US,Desktop,Desktop,0
TX000678,U082,382.59,2024-03-27 15:09:00,Germany,iPad,iPad,0
TX000679,U002,7642.02,2024-03-20 04:56:00,Indonesia,Android,iPad,1
TX000680,U061,256.88,2024-03-17 17:38:00,UK,iPad,iPad,0
TX000681,U017,210.22,2024-03-20 12:27:00,France,Android,Android,0
TX000682,U016,276.8,2024-03-25 17:24:00,Canada,Android,Android,0
TX000683,U100,431.81,2024-03-18 08:26:00,UK,Desktop,Desktop,0
TX000684,U065,96.99,2024-03-18 20:46:00,US,iPad,iPad,0
TX000685,U043,43.46,2024-03-16 21:21:00,Canada,iPad,iPad,0
TX000686,U087,371.3,2024-03-18 15:33:00,Germany,Android,Android,0
TX000687,U077,253.37,2024-03-19 13:41:00,Germany,iPad,iPad,0
TX000688,U098,183.51,2024-03-22 13:12:00,Canada,Desktop,iPhone,0
TX000689,U068,145.21,2024-03-24 10:30:00,France,iPad,iPad,0
TX000690,U070,349.85,2024-03-22 08:00:00,Germany,iPhone,iPhone,0
TX000691,U024,412.78,2024-03-30 21:28:00,Canada,Android,Android,0
TX000692,U022,81.71,2024-03-02 17:41:00,Germany,Android,Android,0
TX000693,U018,72.1,2024-03-03 13:28:00,Germany,Desktop,Desktop,0
TX000694,U044,8326.2,2024-03-06 04:20:00,Nigeria,Android,iPhone,1
TX000695,U051,63.19,2024-03-29 18:57:00,US,Android,Android,0
TX000696,U040,387.74,2024-03-12 14:45:00,Australia,iPhone,iPhone,0
TX000697,U046,458.64,2024-03-02 10:13:00,Germany,Desktop,Desktop,0
TX000698,U050,474.52,2024-03-15 13:20:00,Canada,Desktop,Desktop,0
TX000699,U058,5641.54,2024-03-13 01:30:00,Pakistan,iPhone,iPad,1
TX000700,U079,207.91,2024-03-23 20:43:00,UK,iPad,iPad,0
TX000701,U091,379.94,2024-03-29 21:37:00,US,iPad,Android,0
TX000702,U035,385.63,2024-03-09 16:42:00,US,Android,Android,0
TX000703,U003,108.41,2024-03-06 11:46:00,UK,Android,Android,0
TX000704,U010,7175.27,2024-03-28 05:32:00,Brazil,iPhone,iPad,1
TX000705,U097,160.81,2024-03-24 19:59:00,France,iPad,iPad,0
TX000706,U041,193.75,2024-03-02 17:38:00,Canada,iPhone,iPhone,0
TX000707,U036,257.22,2024-03-22 19:26:00,Germany,iPhone,iPhone,0
TX000708,U090,454.0,2024-03-24 20:05:00,UK,Desktop,Desktop,0
TX000709,U097,9375.78,2024-03-30 03:23:00,Russia,iPhone,iPad,1
TX000710,U009,149.67,2024-03-08 21:53:00,US,Desktop,Desktop,0
TX000711,U075,56.62,2024-03-16 17:40:00,US,Desktop,Desktop,0
TX000712,U045,165.77,2024-03-18 11:58:00,US,iPad,iPad,0
TX000713,U020,283.1,2024-03-05 19:06:00,Canada,Desktop,Desktop,0
TX000714,U019,6411.69,2024-03-28 05:37:00,Russia,iPad,iPhone,1
TX000715,U096,277.42,2024-03-12 08:47:00,Canada,Android,Android,0
TX000716,U049,456.82,2024-03-22 12:49:00,UK,Desktop,iPad,0
TX000717,U046,548.84,2024-03-17 08:29:00,Germany,Desktop,Desktop,0
TX000718,U080,326.98,2024-03-09 14:37:00,Germany,iPad,iPad,0
TX000719,U043,7175.04,2024-03-13 00:03:00,Nigeria,Android,iPad,1
TX000720,U063,6719.5,2024-03-14 01:19:00,Russia,Desktop,Android,1
TX000721,U030,143.72,2024-03-30 15:09:00,US,iPhone,iPhone,0
TX000722,U026,159.38,2024-03-23 20:40:00,Australia,iPhone,iPhone,0
TX000723,U048,460.01,2024-03-23 10:31:00,Germany,iPhone,iPhone,0
TX000724,U040,439.8,2024-03-13 13:15:00,Australia,iPhone,iPhone,0
TX000725,U100,5294.9,2024-03-21 05:54:00,China,Android,Desktop,1
TX000726,U071,96.45,2024-03-11 12:56:00,Germany,Android,Android,0
TX000727,U048,309.68,2024-03-05 12:12:00,Germany,iPhone,iPhone,0
TX000728,U015,5005.32,2024-03-25 04:30:00,Russia,iPhone,Android,1
TX000729,U038,430.27,2024-03-23 21:17:00,Germany,iPad,iPad,0
TX000730,U010,35.01,2024-03-03 08:57:00,Canada,iPad,iPad,0
TX000731,U095,188.07,2024-03-02 20:45:00,France,iPhone,iPhone,0
TX000732,U085,289.01,2024-03-11 10:54:00,US,Desktop,Desktop,0
TX000733,U012,230.38,2024-03-04 12:48:00,UK,Android,Android,0
TX000734,U084,107.3,2024-03-21 09:13:00,Germany,iPad,iPad,0
TX000735,U021,3488.04,2024-03-01 00:49:00,Brazil,Desktop,Android,1
TX000736,U038,471.41,2024-03-23 17:17:00,Germany,iPad,iPad,0
TX000737,U006,457.31,2024-03-21 13:56:00,Germany,Desktop,Android,0
TX000738,U039,396.74,2024-03-20 16:51:00,UK,iPad,iPad,0
TX000739,U076,365.58,2024-03-25 17:02:00,Australia,iPad,iPad,0
TX000740,U023,3369.21,2024-03-07 04:55:00,Romania,Desktop,iPad,1
TX000741,U033,234.56,2024-03-20 09:14:00,UK,Desktop,Desktop,0
TX000742,U018,83.56,2024-03-17 11:18:00,Germany,Desktop,Desktop,0
TX000743,U066,153.82,2024-03-25 15:45:00,US,Desktop,Desktop,0
TX000744,U019,332.75,2024-03-24 19:05:00,UK,iPhone,iPhone,0
TX000745,U053,4203.39,2024-03-30 01:05:00,Indonesia,iPhone,Desktop,1
TX000746,U013,57.17,2024-03-26 17:18:00,US,Desktop,Desktop,0
TX000747,U076,387.66,2024-03-07 12:41:00,Australia,iPad,iPad,0
TX000748,U090,653.58,2024-03-09 19:03:00,UK,Desktop,Desktop,0
TX000749,U015,580.62,2024-03-15 09:05:00,Germany,Android,Android,0
TX000750,U007,143.64,2024-03-21 11:49:00,Germany,Android,Android,0
TX000751,U065,127.65,2024-03-17 20:38:00,France,iPad,iPad,0
TX000752,U040,449.98,2024-03-08 11:35:00,Australia,iPhone,iPhone,0
TX000753,U031,3241.02,2024-03-16 04:52:00,Brazil,Android,iPad,1
TX000754,U092,185.49,2024-03-14 09:49:00,US,iPad,iPad,0
TX000755,U077,124.21,2024-03-10 18:01:00,Germany,iPad,iPad,0
TX000756,U068,239.82,2024-03-15 16:17:00,UK,iPad,iPad,0
TX000757,U015,5710.56,2024-03-22 03:03:00,China,iPad,Android,1
TX000758,U095,110.92,2024-03-04 09:40:00,France,Desktop,iPhone,0
TX000759,U067,267.09,2024-03-09 09:51:00,Canada,Android,Android,0
TX000760,U093,373.24,2024-03-16 17:47:00,Germany,Android,Android,0
TX000761,U069,512.19,2024-03-14 10:53:00,UK,Desktop,iPhone,0
TX000762,U039,5372.61,2024-03-17 03:58:00,Vietnam,Android,iPad,1
TX000763,U073,217.77,2024-03-23 15:21:00,France,Android,Android,0
TX000764,U095,133.86,2024-03-28 08:53:00,France,iPhone,iPhone,0
TX000765,U080,627.8,2024-03-12 21:25:00,Germany,iPad,iPad,0
TX000766,U036,246.11,2024-03-21 14:47:00,Germany,iPhone,iPhone,0
TX000767,U095,199.7,2024-03-15 11:30:00,France,iPhone,iPhone,0
TX000768,U028,494.73,2024-03-18 20:25:00,Canada,iPhone,iPhone,0
TX000769,U062,54.5,2024-03-25 14:07:00,US,Desktop,Desktop,0
TX000770,U068,83.34,2024-03-06 17:11:00,France,iPad,iPad,0
TX000771,U051,82.8,2024-03-30 12:48:00,US,Android,Android,0
TX000772,U009,3136.14,2024-03-29 03:59:00,Romania,iPad,Desktop,1
TX000773,U038,388.96,2024-03-29 21:21:00,Germany,iPad,iPad,0
TX000774,U010,33.85,2024-03-16 19:01:00,Canada,iPad,iPad,0
TX000775,U087,6831.13,2024-03-18 04:00:00,Nigeria,iPhone,Android,1
TX000776,U093,375.55,2024-03-03 15:36:00,Germany,Android,Android,0
TX000777,U055,3807.54,2024-03-19 05:12:00,Russia,Android,iPhone,1
TX000778,U077,293.49,2024-03-19 10:23:00,Germany,iPad,iPad,0
TX000779,U007,155.98,2024-03-30 09:11:00,Germany,Android,Android,0
TX000780,U019,479.43,2024-03-07 08:03:00,France,iPad,iPhone,0
TX000781,U045,3904.57,2024-03-04 00:06:00,Romania,iPhone,iPad,1
TX000782,U024,490.23,2024-03-11 15:42:00,Canada,Android,Android,0
TX000783,U081,428.07,2024-03-24 19:58:00,Canada,Desktop,Desktop,0
TX000784,U086,687.24,2024-03-15 17:18:00,Canada,iPhone,iPhone,0
TX000785,U059,105.13,2024-03-27 21:49:00,Australia,iPhone,iPhone,0
TX000786,U039,238.17,2024-03-28 09:41:00,Canada,iPad,iPad,0
TX000787,U059,78.68,2024-03-03 10:53:00,Australia,iPhone,iPhone,0
TX000788,U005,74.92,2024-03-11 09:57:00,UK,Desktop,Desktop,0
TX000789,U022,153.01,2024-03-04 14:27:00,Germany,Android,Android,0
TX000790,U089,354.52,2024-03-28 13:07:00,UK,iPhone,iPhone,0
TX000791,U018,42.15,2024-03-04 08:26:00,Germany,Desktop,Desktop,0
TX000792,U062,8949.63,2024-03-06 01:44:00,China,iPad,Desktop,1
TX000793,U058,414.71,2024-03-03 10:33:00,Australia,iPad,iPad,0
TX000794,U086,364.13,2024-03-07 08:32:00,Canada,iPhone,iPhone,0
TX000795,U066,5028.1,2024-03-05 02:31:00,Nigeria,Android,Desktop,1
TX000796,U074,6563.95,2024-03-24 03:54:00,Pakistan,iPad,Android,1
TX000797,U099,141.59,2024-03-14 11:05:00,Germany,iPhone,iPhone,0
TX000798,U013,51.91,2024-03-17 10:49:00,US,Desktop,Desktop,0
TX000799,U077,268.68,2024-03-03 14:46:00,Germany,iPad,iPad,0
TX000800,U060,136.7,2024-03-13 14:32:00,Canada,iPad,iPad,0
TX000801,U012,70.89,2024-03-03 10:36:00,UK,Android,Android,0
TX000802,U090,314.63,2024-03-20 17:41:00,UK,Desktop,Desktop,0
TX000803,U067,4630.01,2024-03-06 01:26:00,Vietnam,iPhone,Android,1
TX000804,U032,136.25,2024-03-11 20:25:00,UK,Desktop,Desktop,0
TX000805,U023,8431.14,2024-03-25 03:38:00,Russia,Android,iPad,1
TX000806,U093,251.44,2024-03-15 09:12:00,Germany,Android,Android,0
TX000807,U018,100.98,2024-03-27 17:27:00,Germany,Desktop,Desktop,0
TX000808,U044,48.65,2024-03-02 10:33:00,UK,iPhone,iPhone,0
TX000809,U094,532.24,2024-03-24 11:12:00,Australia,Desktop,Desktop,0
TX000810,U091,314.88,2024-03-10 14:24:00,US,Android,Android,0
TX000811,U059,156.51,2024-03-09 10:48:00,Australia,iPhone,iPhone,0
TX000812,U054,123.37,2024-03-29 15:11:00,Canada,iPad,Desktop,0
TX000813,U011,7876.82,2024-03-07 04:14:00,China,iPhone,Desktop,1
TX000814,U046,3642.44,2024-03-01 02:26:00,Vietnam,Android,Desktop,1
TX000815,U099,268.77,2024-03-02 10:29:00,Germany,iPhone,iPhone,0
TX000816,U064,280.08,2024-03-29 13:58:00,Australia,Desktop,Desktop,0
TX000817,U010,85.37,2024-03-10 10:32:00,Canada,iPad,iPad,0
TX000818,U090,414.51,2024-03-26 19:24:00,UK,Desktop,Desktop,0
TX000819,U015,488.56,2024-03-16 15:14:00,Germany,Android,Android,0
TX000820,U021,242.89,2024-03-27 21:57:00,Australia,Android,Android,0
TX000821,U046,357.39,2024-03-19 15:53:00,Germany,Desktop,Desktop,0
TX000822,U063,8045.08,2024-03-18 05:12:00,Indonesia,iPad,Android,1
TX000823,U093,122.67,2024-03-22 20:27:00,Germany,Android,Android,0
TX000824,U037,7114.59,2024-03-28 05:11:00,Indonesia,iPhone,Desktop,1
TX000825,U038,330.6,2024-03-23 15:44:00,Germany,iPad,iPad,0
TX000826,U005,67.99,2024-03-14 17:53:00,UK,Desktop,Desktop,0
TX000827,U025,109.47,2024-03-03 20:05:00,Australia,Android,Android,0
TX000828,U058,296.31,2024-03-02 14:23:00,Australia,iPad,iPad,0
TX000829,U022,114.76,2024-03-21 08:27:00,Germany,Android,Android,0
TX000830,U094,580.43,2024-03-22 15:59:00,Australia,Desktop,Desktop,0
TX000831,U045,164.99,2024-03-16 15:02:00,US,iPad,iPad,0
TX000832,U054,93.18,2024-03-15 08:54:00,Canada,Desktop,Desktop,0
TX000833,U068,219.39,2024-03-18 17:38:00,France,iPad,iPad,0
TX000834,U071,85.22,2024-03-16 12:05:00,US,Android,Android,0
TX000835,U071,135.93,2024-03-24 19:06:00,Germany,Android,Android,0
TX000836,U030,4007.08,2024-03-01 02:28:00,Nigeria,iPad,iPhone,1
TX000837,U051,7504.0,2024-03-04 04:07:00,Brazil,iPhone,Android,1
TX000838,U036,227.22,2024-03-22 09:05:00,Germany,iPhone,iPhone,0
TX000839,U021,320.06,2024-03-05 08:33:00,Australia,Android,Android,0
TX000840,U048,79.55,2024-03-15 17:46:00,UK,iPhone,iPhone,0
TX000841,U084,148.23,2024-03-07 20:29:00,Germany,iPad,iPad,0
TX000842,U012,196.07,2024-03-11 17:12:00,UK,Android,Android,0
TX000843,U045,163.95,2024-03-29 20:57:00,US,iPad,iPad,0
TX000844,U078,624.58,2024-03-04 20:21:00,UK,Desktop,Desktop,0
TX000845,U057,9287.03,2024-03-19 02:25:00,China,Android,Desktop,1
TX000846,U062,238.6,2024-03-25 16:37:00,Germany,Desktop,Desktop,0
TX000847,U077,163.44,2024-03-12 15:41:00,Germany,iPhone,iPad,0
TX000848,U005,9842.07,2024-03-30 00:38:00,Nigeria,Android,Desktop,1
TX000849,U030,67.25,2024-03-30 09:34:00,France,iPhone,iPhone,0
TX000850,U046,543.45,2024-03-23 10:50:00,Germany,Desktop,Desktop,0
TX000851,U009,4005.35,2024-03-15 03:09:00,Brazil,iPad,Desktop,1
TX000852,U096,253.36,2024-03-25 18:45:00,Canada,Android,Android,0
TX000853,U030,5530.78,2024-03-03 04:25:00,Vietnam,Desktop,iPhone,1
TX000854,U057,593.86,2024-03-17 17:29:00,France,Desktop,Desktop,0
TX000855,U076,541.23,2024-03-20 15:15:00,Australia,iPad,iPad,0
TX000856,U022,185.59,2024-03-28 20:01:00,Germany,Android,Android,0
TX000857,U008,366.8,2024-03-23 10:22:00,Canada,Desktop,Desktop,0
TX000858,U040,593.1,2024-03-10 09:52:00,Australia,iPhone,iPhone,0
TX000859,U039,171.53,2024-03-05 12:45:00,UK,iPad,iPad,0
TX000860,U005,51.8,2024-03-01 14:17:00,UK,Desktop,Desktop,0
TX000861,U030,85.29,2024-03-17 09:45:00,France,iPhone,iPhone,0
TX000862,U046,719.92,2024-03-08 16:27:00,Germany,Desktop,Desktop,0
TX000863,U074,4524.07,2024-03-22 05:09:00,Russia,iPad,Android,1
TX000864,U006,498.21,2024-03-18 15:00:00,Germany,Android,Android,0
TX000865,U013,83.22,2024-03-15 16:55:00,US,Desktop,Desktop,0
TX000866,U002,290.41,2024-03-16 14:43:00,France,iPad,iPad,0
TX000867,U019,9760.86,2024-03-11 02:00:00,Brazil,Android,iPhone,1
TX000868,U094,340.13,2024-03-12 09:32:00,Germany,Desktop,Desktop,0
TX000869,U041,225.12,2024-03-16 10:53:00,Canada,iPhone,iPhone,0
TX000870,U015,374.52,2024-03-17 17:15:00,Germany,Android,Android,0
TX000871,U032,179.29,2024-03-25 21:07:00,UK,Desktop,Desktop,0
TX000872,U065,7431.6,2024-03-23 05:32:00,Russia,iPhone,iPad,1
TX000873,U065,135.08,2024-03-04 19:20:00,Australia,iPad,iPad,0
TX000874,U040,510.31,2024-03-30 14:08:00,Australia,iPhone,iPhone,0
TX000875,U009,151.31,2024-03-24 09:12:00,US,Desktop,Desktop,0
TX000876,U039,265.46,2024-03-20 12:40:00,France,iPad,iPad,0
TX000877,U085,259.31,2024-03-25 09:29:00,US,Desktop,Desktop,0
TX000878,U032,180.6,2024-03-12 10:20:00,UK,Desktop,Desktop,0
TX000879,U057,366.03,2024-03-07 13:28:00,France,Desktop,Desktop,0
TX000880,U057,30.66,2024-03-20 09:27:00,France,Desktop,Desktop,0
TX000881,U016,5925.89,2024-03-14 00:15:00,Pakistan,iPad,Android,1
TX000882,U096,278.89,2024-03-18 15:50:00,Canada,Android,Android,0
TX000883,U050,448.54,2024-03-16 13:48:00,Canada,Desktop,Desktop,0
TX000884,U074,239.58,2024-03-05 17:59:00,Australia,Android,Android,0
TX000885,U055,114.36,2024-03-01 08:36:00,Australia,iPhone,iPhone,0
TX000886,U021,212.37,2024-03-20 20:37:00,Australia,Android,Android,0
TX000887,U019,608.42,2024-03-18 15:16:00,UK,iPhone,iPhone,0
TX000888,U033,336.96,2024-03-03 13:12:00,UK,Desktop,Desktop,0
TX000889,U034,429.64,2024-03-29 20:41:00,UK,iPad,iPad,0
TX000890,U080,416.46,2024-03-12 21:22:00,Germany,iPad,iPad,0
TX000891,U021,165.13,2024-03-25 11:09:00,Australia,Android,Android,0
TX000892,U009,142.6,2024-03-07 13:32:00,US,Desktop,Desktop,0
TX000893,U055,119.21,2024-03-26 21:05:00,Australia,iPhone,iPhone,0
TX000894,U071,65.55,2024-03-10 20:32:00,Germany,Android,Android,0
TX000895,U014,304.3,2024-03-09 17:27:00,France,iPad,iPad,0
TX000896,U099,202.09,2024-03-30 10:52:00,Germany,iPhone,iPhone,0
TX000897,U092,9996.22,2024-03-30 03:58:00,Vietnam,iPhone,iPad,1
TX000898,U019,344.2,2024-03-12 17:13:00,UK,iPhone,iPhone,0
TX000899,U084,5873.49,2024-03-26 02:42:00,Russia,Android,iPad,1
TX000900,U075,66.6,2024-03-23 09:01:00,France,Desktop,Desktop,0
TX000901,U050,5825.38,2024-03-12 02:34:00,Nigeria,iPad,Desktop,1
TX000902,U078,255.42,2024-03-21 13:11:00,UK,Desktop,Desktop,0
TX000903,U096,318.9,2024-03-08 21:40:00,Canada,Android,Android,0
TX000904,U035,3995.27,2024-03-17 00:14:00,Nigeria,Desktop,Android,1
TX000905,U095,316.12,2024-03-15 09:46:00,France,iPhone,iPhone,0
TX000906,U029,233.65,2024-03-17 21:59:00,Germany,Desktop,Desktop,0
TX000907,U070,326.48,2024-03-22 18:37:00,Germany,iPhone,iPhone,0
TX000908,U024,639.25,2024-03-08 19:19:00,Canada,Android,Android,0
TX000909,U071,92.28,2024-03-27 19:29:00,Germany,Android,Android,0
TX000910,U082,453.51,2024-03-08 12:39:00,Germany,iPad,iPad,0
TX000911,U005,4875.6,2024-03-25 01:56:00,Indonesia,iPad,Desktop,1
TX000912,U098,216.23,2024-03-18 12:05:00,Germany,iPhone,iPhone,0
TX000913,U004,5484.52,2024-03-28 05:20:00,Nigeria,Desktop,iPad,1
TX000914,U067,208.0,2024-03-11 19:31:00,Canada,iPad,Android,0
TX000915,U067,156.25,2024-03-16 16:58:00,Canada,Android,Android,0
TX000916,U082,455.22,2024-03-12 21:12:00,Germany,iPad,iPad,0
TX000917,U019,324.69,2024-03-28 10:32:00,UK,iPhone,iPhone,0
TX000918,U078,236.1,2024-03-05 10:44:00,UK,Desktop,Desktop,0
TX000919,U082,425.31,2024-03-27 20:45:00,Germany,iPad,iPad,0
TX000920,U002,318.65,2024-03-12 09:02:00,France,iPad,iPad,0
TX000921,U072,207.8,2024-03-27 10:16:00,UK,Desktop,Desktop,0
TX000922,U033,356.49,2024-03-25 15:57:00,UK,Desktop,Desktop,0
TX000923,U098,106.11,2024-03-14 09:41:00,Germany,iPhone,iPhone,0
TX000924,U011,118.98,2024-03-06 21:19:00,Australia,Desktop,Desktop,0
TX000925,U054,139.16,2024-03-16 13:12:00,Canada,Desktop,Desktop,0
TX000926,U009,198.18,2024-03-21 17:20:00,US,Desktop,Desktop,0
TX000927,U010,51.21,2024-03-10 15:08:00,Canada,iPad,iPad,0
TX000928,U067,332.15,2024-03-11 16:29:00,Canada,Android,Android,0
TX000929,U036,247.12,2024-03-29 11:17:00,Germany,iPhone,iPhone,0
TX000930,U012,165.6,2024-03-23 18:47:00,UK,Android,Android,0
TX000931,U052,4915.66,2024-03-29 01:11:00,China,iPhone,Desktop,1
TX000932,U012,4041.66,2024-03-16 05:29:00,Vietnam,iPad,Android,1
TX000933,U073,350.13,2024-03-02 08:20:00,France,Android,Android,0
TX000934,U031,444.99,2024-03-15 15:39:00,US,iPad,iPad,0
TX000935,U042,328.74,2024-03-21 14:20:00,UK,Android,Android,0
TX000936,U031,375.01,2024-03-28 20:02:00,US,iPad,iPad,0
TX000937,U089,399.12,2024-03-23 12:49:00,UK,iPad,iPhone,0
TX000938,U086,5895.66,2024-03-17 05:29:00,China,Android,iPhone,1
TX000939,U076,419.96,2024-03-28 14:05:00,Australia,iPad,iPad,0
TX000940,U064,400.58,2024-03-08 15:45:00,Australia,Desktop,Desktop,0
TX000941,U038,309.48,2024-03-12 19:22:00,Canada,iPad,iPad,0
TX000942,U017,5177.05,2024-03-15 01:43:00,Indonesia,iPhone,Android,1
TX000943,U006,374.17,2024-03-05 21:29:00,Germany,Android,Android,0
TX000944,U016,219.79,2024-03-11 13:33:00,Canada,Android,Android,0
TX000945,U056,256.03,2024-03-27 17:40:00,UK,iPhone,iPhone,0
TX000946,U080,375.88,2024-03-19 11:37:00,Germany,iPad,iPad,0
TX000947,U039,9996.28,2024-03-22 02:37:00,Romania,iPhone,iPad,1
TX000948,U071,3230.0,2024-03-25 05:40:00,Vietnam,iPad,Android,1
TX000949,U003,115.07,2024-03-13 09:51:00,UK,Android,Android,0
TX000950,U091,9538.23,2024-03-11 01:29:00,Brazil,Desktop,Android,1
TX000951,U070,278.02,2024-03-17 12:31:00,Germany,iPhone,iPhone,0
TX000952,U054,130.03,2024-03-16 13:23:00,Canada,Desktop,Desktop,0
TX000953,U018,148.87,2024-03-12 08:21:00,Germany,Desktop,Desktop,0
TX000954,U071,77.96,2024-03-29 08:33:00,Germany,Android,Android,0
TX000955,U071,6321.17,2024-03-03 03:26:00,China,iPhone,Android,1
TX000956,U068,147.57,2024-03-24 14:23:00,UK,iPad,iPad,0
TX000957,U097,152.76,2024-03-07 09:46:00,France,iPad,iPad,0
TX000958,U057,625.28,2024-03-29 09:15:00,France,Desktop,Desktop,0
TX000959,U039,9989.93,2024-03-08 05:20:00,Brazil,Desktop,iPad,1
TX000960,U066,152.73,2024-03-06 10:06:00,US,Desktop,Desktop,0
TX000961,U029,8001.94,2024-03-17 05:44:00,Brazil,Android,Desktop,1
TX000962,U061,151.44,2024-03-19 08:49:00,UK,iPad,iPad,0
TX000963,U010,76.81,2024-03-09 09:57:00,Canada,iPad,iPad,0
TX000964,U031,150.1,2024-03-26 12:40:00,US,iPad,iPad,0
TX000965,U017,168.21,2024-03-21 11:56:00,France,Android,Android,0
TX000966,U089,225.64,2024-03-04 15:08:00,UK,iPhone,iPhone,0
TX000967,U021,340.85,2024-03-15 09:57:00,Australia,Android,Android,0
TX000968,U074,274.16,2024-03-05 08:09:00,Australia,Android,Android,0
TX000969,U077,87.73,2024-03-03 21:42:00,Germany,iPad,iPad,0
TX000970,U078,8383.75,2024-03-21 00:56:00,China,iPhone,Desktop,1
TX000971,U087,262.49,2024-03-10 17:02:00,Germany,Android,Android,0
TX000972,U070,203.72,2024-03-06 12:20:00,Germany,iPhone,iPhone,0
TX000973,U006,555.4,2024-03-08 17:50:00,Germany,Android,Android,0
TX000974,U088,5844.56,2024-03-01 01:19:00,Romania,iPad,Desktop,1
TX000975,U046,540.95,2024-03-04 18:24:00,Germany,Desktop,Desktop,0
TX000976,U018,135.07,2024-03-29 14:39:00,Germany,Desktop,Desktop,0
TX000977,U002,316.03,2024-03-20 20:03:00,France,iPad,iPad,0
TX000978,U010,102.02,2024-03-18 09:15:00,Canada,iPad,iPad,0
TX000979,U088,160.54,2024-03-11 12:08:00,UK,Desktop,Desktop,0
TX000980,U034,825.05,2024-03-23 20:28:00,France,iPad,iPad,0
TX000981,U088,9528.48,2024-03-30 00:25:00,Brazil,Android,Desktop,1
TX000982,U097,162.86,2024-03-26 13:45:00,France,iPad,iPad,0
TX000983,U080,646.76,2024-03-11 10:48:00,Germany,iPad,iPad,0
TX000984,U081,5608.6,2024-03-03 02:21:00,Brazil,iPhone,Desktop,1
TX000985,U059,76.63,2024-03-19 17:24:00,Australia,iPhone,iPhone,0
TX000986,U056,195.84,2024-03-07 15:06:00,UK,iPhone,iPhone,0
TX000987,U052,196.84,2024-03-04 10:47:00,Germany,Desktop,Desktop,0
TX000988,U045,4624.55,2024-03-10 03:58:00,Romania,Android,iPad,1
TX000989,U039,239.6,2024-03-16 14:32:00,UK,iPad,iPad,0
TX000990,U016,351.29,2024-03-29 20:12:00,Canada,Android,Android,0
TX000991,U066,96.79,2024-03-10 16:19:00,US,Desktop,Desktop,0
TX000992,U004,237.54,2024-03-26 08:24:00,France,iPad,iPad,0
TX000993,U028,565.63,2024-03-21 17:32:00,Canada,iPhone,iPhone,0
TX000994,U060,204.85,2024-03-25 19:26:00,Canada,iPad,iPad,0
TX000995,U006,328.52,2024-03-19 08:39:00,Germany,Android,Android,0
TX000996,U070,9807.66,2024-03-14 01:43:00,Romania,Android,iPhone,1
TX000997,U036,145.02,2024-03-12 13:15:00,Germany,iPhone,iPhone,0
TX000998,U051,68.22,2024-03-10 09:49:00,US,Android,Android,0
TX000999,U039,311.33,2024-03-23 17:44:00,UK,iPad,iPad,0
TX001000,U034,10.0,2024-03-10 20:08:00,France,iPad,iPad,0
